[
  {
    "contactId": "Contact (Internal Buyer)",
    "contactType": "Sales",
    "firstName": "Max",
    "lastName": "Mustermann",
    "email": "dirk.fischbach@jcatalog.com",
    "mobile": "0136/456789",
    "supplierId": "hard001",
    "createdBy": "john.doe@ncc.com",
    "changedBy": "john.doe@ncc.com"
  },
  {
    "contactId": "Product Manager",
    "contactType": "Technical",
    "firstName": "Dirk",
    "lastName": "Fischbach",
    "email": "dirk.fischbach@jcatalog.com",
    "phone": "0231/3967-224",
    "mobile": "0173-5101302",
    "supplierId": "hard001",
    "createdBy": "john.doe@ncc.com",
    "changedBy": "john.doe@ncc.com"
  }
]
