{
  "x-tenant-manage": {
    "translations": {
      "name": {
        "en": "Management all company master data",
        "de": "Verwaltung aller Unternehmensstammdaten"
      },
      "description": {
        "en": "Suppplier management includes all administrative functions for managing own company data, such as supplier modification, contact, address and bank account creation, edit, and deletion.",
        "de": "Das Lieferantenmanagement umfasst alle administrativen Funktionen für die Verwaltung eigener Unternehmensdaten wie Lieferantenänderung, Kontakt, Adress- und Bankkonto-Erstellung, Bearbeiten und Löschen."
      }
    },
    "resources": [{
        "type": "rest",
        "resourceId": "/api/suppliers[%w | %p]*",
        "actions": ["create", "view", "edit", "delete"]
      }
    ]
  },
  "manage": {
    "translations": {
      "name": {
        "en": "Management of own company master data",
        "de": "Verwaltung eigener Unternehmensstammdaten"
      },
      "description": {
        "en": "Suppplier management includes all administrative functions for managing own company data, such as supplier modification, contact, address and bank account creation, edit, and deletion.",
        "de": "Das Lieferantenmanagement umfasst alle administrativen Funktionen für die Verwaltung eigener Unternehmensdaten wie Lieferantenänderung, Kontakt, Adress- und Bankkonto-Erstellung, Bearbeiten und Löschen."
      }
    },
    "resources": [{
        "type": "rest",
        "resourceId": "/api/suppliers[/]?$",
        "actions": ["create"]
      },
      {
        "type": "rest",
        "resourceId": "/api/suppliers/${_current_supplier_id}",
        "actions": ["view", "edit"]
      },
      {
        "type": "rest",
        "resourceId": "/api/suppliers/${_current_supplier_id}/contacts[/]?$",
        "actions": ["view", "create"]
      },
      {
        "type": "rest",
        "resourceId": "/api/suppliers/${_current_supplier_id}/contacts/[%w | %p]*",
        "actions": ["view", "edit", "delete"]
      },
      {
        "type": "rest",
        "resourceId": "/api/suppliers/${_current_supplier_id}/addresses[/]?$",
        "actions": ["view", "create"]
      },
      {
        "type": "rest",
        "resourceId": "/api/suppliers/${_current_supplier_id}/addresses/[%w | %p]*",
        "actions": ["view", "edit", "delete"]
      },
      {
        "type": "rest",
        "resourceId": "/api/suppliers/${_current_supplier_id}/bank_accounts[/]?$",
        "actions": ["view", "create"]
      },
      {
        "type": "rest",
        "resourceId": "/api/suppliers/${_current_supplier_id}/bank_accounts/[%w | %p]*",
        "actions": ["view", "edit", "delete"]
      },
      {
        "type": "rest",
        "resourceId": "/api/suppliers/${_current_supplier_id}/profile_strength",
        "actions": ["view"]
      },
      {
        "type": "rest",
        "resourceId": "/api/suppliers/exists",
        "actions": ["view"]
      }
    ]
  },
  "x-tenant-read-public": {
    "translations": {
      "name": {
        "en": "Read all company's public data",
        "de": ""
      },
      "description": {
        "en": "View all company's public data which such as company profile, contacts, public addresses, etc.",
        "de": ""
      }
    },
    "resources": [{
          "type": "rest",
          "resourceId": "/api/suppliers[%w | %p]*",
          "actions": ["view"]
      },
      {
        "type": "rest",
        "resourceId": "/api/suppliers/[^/]+/contacts[%w | %p]*",
        "actions": ["view"]
      },
      {
        "type": "rest",
        "resourceId": "/api/suppliers/[^/]+/addresses[%w | %p]*",
        "actions": ["view"]
      }
    ]
  },
  "read": {
    "translations": {
      "name": {
        "en": "Suppplier own company data view",
        "de": "Lieferanten eigene Unternehmensdaten Ansicht"
      },
      "description": {
        "en": "View for own company data which such as company profile, contacts, addresses, bank accounts, and profile strength.",
        "de": "Ansicht für eigene Unternehmensdaten wie Firmenprofil, Kontakte, Adressen, Bankkonten und Profilstärke."
      }
    },
    "resources": [{
        "type": "rest",
        "resourceId": "/api/suppliers[/]?$",
        "actions": ["create"]
      },
      {
        "type": "rest",
        "resourceId": "/api/suppliers/${_current_supplier_id}",
        "actions": ["view"]
      },
      {
        "type": "rest",
        "resourceId": "/api/suppliers/${_current_supplier_id}/contacts[%w | %p]*",
        "actions": ["view"]
      },
      {
        "type": "rest",
        "resourceId": "/api/suppliers/${_current_supplier_id}/addresses[%w | %p]*",
        "actions": ["view"]
      },
      {
        "type": "rest",
        "resourceId": "/api/suppliers/${_current_supplier_id}/bank_accounts[%w | %p]*",
        "actions": ["view"]
      },
      {
        "type": "rest",
        "resourceId": "/api/suppliers/${_current_supplier_id}/profile_strength",
        "actions": ["view"]
      },
      {
        "type": "rest",
        "resourceId": "/api/suppliers/exists",
        "actions": ["view"]
      }
    ]
  }
}
